snapshot_month,product_id,region,quantity_available
2023-01,P00001,Northeast,168
2023-02,P00001,Midwest,106
2023-03,P00001,West,253
2023-04,P00001,Southwest,73
2023-05,P00001,Southeast,222
2023-06,P00001,Midwest,171
2023-07,P00001,Southwest,324
2023-08,P00001,West,31
2023-09,P00001,West,130
2023-10,P00001,Southeast,99
2023-11,P00001,Southeast,143
2023-12,P00001,Northeast,93
2024-01,P00001,Midwest,376
2024-02,P00001,Midwest,241
2023-01,P00002,West,329
2023-02,P00002,Southwest,80
2023-03,P00002,Midwest,394
2023-04,P00002,Southeast,42
2023-05,P00002,West,268
2023-06,P00002,West,349
2023-07,P00002,Northeast,354
2023-08,P00002,Southeast,54
2023-09,P00002,Midwest,118
2023-10,P00002,Midwest,280
2023-11,P00002,West,212
2023-12,P00002,Southeast,373
2024-01,P00002,Southeast,391
2024-02,P00002,Northeast,31
2023-01,P00003,Southeast,-50
2023-02,P00003,West,286
2023-03,P00003,Northeast,60
2023-04,P00003,Southwest,107
2023-05,P00003,West,164
2023-06,P00003,Southwest,75
2023-07,P00003,West,227
2023-08,P00003,Midwest,75
2023-09,P00003,Northeast,247
2023-10,P00003,Northeast,206
2023-11,P00003,Southeast,-23
2023-12,P00003,West,191
2024-01,P00003,Northeast,232
2024-02,P00003,West,267
2023-01,P00004,West,131
2023-02,P00004,West,32
2023-03,P00004,Northeast,369
2023-04,P00004,Northeast,92
2023-05,P00004,Midwest,385
2023-06,P00004,West,226
2023-07,P00004,Midwest,74
2023-08,P00004,Midwest,375
2023-09,P00004,Southwest,173
2023-10,P00004,West,367
2023-11,P00004,Northeast,276
2023-12,P00004,Southeast,148
2024-01,P00004,Southeast,317
2024-02,P00004,Southeast,209
2023-01,P00005,Southeast,306
2023-02,P00005,West,309
2023-03,P00005,Southeast,105
2023-04,P00005,Southeast,135
2023-05,P00005,West,398
2023-06,P00005,West,118
2023-07,P00005,West,101
2023-08,P00005,Southeast,161
2023-09,P00005,Southeast,372
2023-10,P00005,Northeast,171
2023-11,P00005,Midwest,369
2023-12,P00005,Southeast,288
2024-01,P00005,Midwest,243
2024-02,P00005,Southeast,378
2023-01,P00006,Southeast,191
2023-02,P00006,Northeast,212
2023-03,P00006,Northeast,397
2023-04,P00006,West,320
2023-05,P00006,Northeast,256
2023-06,P00006,Midwest,121
2023-07,P00006,West,217
2023-08,P00006,Northeast,256
2023-09,P00006,Southeast,189
2023-10,P00006,Southeast,110
2023-11,P00006,Northeast,138
2023-12,P00006,Southeast,204
2024-01,P00006,Northeast,253
2024-02,P00006,West,189
2023-01,P00007,Northeast,98
2023-02,P00007,Midwest,342
2023-03,P00007,West,302
2023-04,P00007,Northeast,196
2023-05,P00007,West,260
2023-06,P00007,Midwest,49
2023-07,P00007,West,369
2023-08,P00007,Northeast,337
2023-09,P00007,Southeast,166
2023-10,P00007,Northeast,111
2023-11,P00007,Northeast,202
2023-12,P00007,Southeast,31
2024-01,P00007,West,396
2024-02,P00007,Southwest,353
2023-01,P00008,Southeast,119
2023-02,P00008,Southwest,117
2023-03,P00008,West,264
2023-04,P00008,Southeast,308
2023-05,P00008,Midwest,190
2023-06,P00008,Midwest,184
2023-07,P00008,Southwest,302
2023-08,P00008,West,272
2023-09,P00008,West,307
2023-10,P00008,West,330
2023-11,P00008,Northeast,358
2023-12,P00008,Northeast,63
2024-01,P00008,Southwest,281
2024-02,P00008,Midwest,268
2023-01,P00009,Southeast,329
2023-02,P00009,Midwest,139
2023-03,P00009,West,131
2023-04,P00009,West,21
2023-05,P00009,Southwest,67
2023-06,P00009,Northeast,333
2023-07,P00009,West,386
2023-08,P00009,Midwest,320
2023-09,P00009,Southwest,373
2023-10,P00009,Northeast,286
2023-11,P00009,West,167
2023-12,P00009,Southeast,332
2024-01,P00009,Northeast,360
2024-02,P00009,Southeast,306
2023-01,P00010,Northeast,270
2023-02,P00010,Midwest,365
2023-03,P00010,Northeast,333
2023-04,P00010,West,230
2023-05,P00010,Southwest,130
2023-06,P00010,Southeast,35
2023-07,P00010,Midwest,323
2023-08,P00010,Southeast,187
2023-09,P00010,Southeast,120
2023-10,P00010,Southeast,81
2023-11,P00010,Northeast,69
2023-12,P00010,West,101
2024-01,P00010,West,388
2024-02,P00010,Northeast,21
2023-01,P00011,West,265
2023-02,P00011,Northeast,51
2023-03,P00011,West,234
2023-04,P00011,Southwest,151
2023-05,P00011,Northeast,185
2023-06,P00011,Southwest,297
2023-07,P00011,Southeast,331
2023-08,P00011,Midwest,-2
2023-09,P00011,Southeast,296
2023-10,P00011,Midwest,124
2023-11,P00011,Southeast,374
2023-12,P00011,Southeast,71
2024-01,P00011,Southwest,231
2024-02,P00011,Midwest,166
2023-01,P00012,Midwest,304
2023-02,P00012,Northeast,219
2023-03,P00012,Southeast,369
2023-04,P00012,Midwest,71
2023-05,P00012,Southwest,91
2023-06,P00012,Northeast,58
2023-07,P00012,Northeast,42
2023-08,P00012,Midwest,24
2023-09,P00012,Midwest,174
2023-10,P00012,Northeast,39
2023-11,P00012,Midwest,28
2023-12,P00012,Southeast,391
2024-01,P00012,Northeast,210
2024-02,P00012,Northeast,231
2023-01,P00013,Midwest,20
2023-02,P00013,Southwest,5
2023-03,P00013,West,10
2023-04,P00013,Southeast,0
2023-05,P00013,Southeast,10
2023-06,P00013,Midwest,20
2023-07,P00013,Midwest,0
2023-08,P00013,Midwest,0
2023-09,P00013,Midwest,0
2023-10,P00013,Southwest,10
2023-11,P00013,Southwest,5
2023-12,P00013,West,0
2024-01,P00013,Midwest,0
2024-02,P00013,Southeast,10
2023-01,P00014,Southeast,317
2023-02,P00014,Midwest,110
2023-03,P00014,Midwest,69
2023-04,P00014,Southwest,39
2023-05,P00014,Southeast,67
2023-06,P00014,Northeast,118
2023-07,P00014,Southeast,330
2023-08,P00014,West,323
2023-09,P00014,Southeast,90
2023-10,P00014,Southwest,303
2023-11,P00014,Midwest,338
2023-12,P00014,Northeast,244
2024-01,P00014,Midwest,207
2024-02,P00014,West,218
2023-01,P00015,Midwest,346
2023-02,P00015,Northeast,191
2023-03,P00015,Southwest,72
2023-04,P00015,Midwest,149
